player_name,slug,team,profile_id,headshot_id,image_filename,image_url,status
Aaron Hardie,aaron-hardie,,22076,2704,,https://documents.iplt20.com/ipl/IPLHeadshot2025/2704.png,linked
Aaron Hardy,aaron-hardie,,22076,2704,,https://documents.iplt20.com/ipl/IPLHeadshot2025/2704.png,alias
ABD,,,,,,https://upload.wikimedia.org/wikipedia/commons/thumb/4/4c/AB_de_villiers_%28cropped%29.jpg/330px-AB_de_villiers_%28cropped%29.jpg,manual
Abdul Samad,abdul-samad,lucknow-super-giants,19352,525,abdul-samad_525.png,https://documents.iplt20.com/ipl/IPLHeadshot2026/525.png,downloaded
Abhinandan Singh,abhinandan-singh,royal-challengers-bengaluru,22136,3574,abhinandan-singh_3574.png,https://documents.iplt20.com/ipl/IPLHeadshot2026/3574.png,downloaded
Abhinav Manohar,abhinav-manohar,,20589,974,,https://documents.iplt20.com/ipl/IPLHeadshot2025/974.png,linked
Abhishek Porel,abishek-porel,delhi-capitals,33333,1580,abishek-porel_1580.png,https://documents.iplt20.com/ipl/IPLHeadshot2026/1580.png,alias
Abhishek Sharma,abhishek-sharma,sunrisers-hyderabad,3760,212,abhishek-sharma_212.png,https://documents.iplt20.com/ipl/IPLHeadshot2026/212.png,downloaded
Abishek Porel,abishek-porel,delhi-capitals,33333,1580,abishek-porel_1580.png,https://documents.iplt20.com/ipl/IPLHeadshot2026/1580.png,downloaded
Adam Milne,adam-milne,rajasthan-royals,434,157,adam-milne_157.png,https://documents.iplt20.com/ipl/IPLHeadshot2026/157.png,downloaded
Adam Zampa,adam-zampa,,958,24,,https://documents.iplt20.com/ipl/IPLHeadshot2025/24.png,linked
Aiden Markram,aiden-markram,lucknow-super-giants,1667,287,aiden-markram_287.png,https://documents.iplt20.com/ipl/IPLHeadshot2026/287.png,downloaded
Ajay Mandal,ajay-mandal,delhi-capitals,5811,1931,ajay-mandal_1931.png,https://documents.iplt20.com/ipl/IPLHeadshot2026/1931.png,downloaded
Ajinkya Rahane,ajinkya-rahane,kolkata-knight-riders,135,44,ajinkya-rahane_44.png,https://documents.iplt20.com/ipl/IPLHeadshot2026/44.png,downloaded
Akash Deep,akash-deep,,14800,,,https://documents.iplt20.com/ipl/IPLHeadshot2026/Default-Men.png,linked
Akash Madhwal,akash-madhwal,,20681,1045,,https://documents.iplt20.com/ipl/IPLHeadshot2025/1045.png,linked
Akash Mandwal,akash-madhwal,,20681,1045,,https://documents.iplt20.com/ipl/IPLHeadshot2025/1045.png,alias
Akash Singh,akash-singh,lucknow-super-giants,12585,535,akash-singh_535.png,https://documents.iplt20.com/ipl/IPLHeadshot2026/535.png,downloaded
Akeal Hosein,akeal-hosein,chennai-super-kings,5608,722,akeal-hosein_722.png,https://documents.iplt20.com/ipl/IPLHeadshot2026/722.png,downloaded
Akshat Raghuwanshi,akshat-raghuwanshi,lucknow-super-giants,23035,1487,akshat-raghuwanshi_1487.png,https://documents.iplt20.com/ipl/IPLHeadshot2026/1487.png,downloaded
Albie Morkel,,,,,,https://upload.wikimedia.org/wikipedia/commons/thumb/2/2c/Albie_Morkel_2.jpg/330px-Albie_Morkel_2.jpg,manual
Allah Ghazanfar,allah-ghazanfar,mumbai-indians,20725,2761,allah-ghazanfar_2761.png,https://documents.iplt20.com/ipl/IPLHeadshot2026/2761.png,downloaded
Alzari Joseph,,,,,,https://documents.iplt20.com/ipl/IPLHeadshot2026/Default-Men.png,manual
Aman Khan,aman-khan,chennai-super-kings,20581,979,aman-khan_979.png,https://documents.iplt20.com/ipl/IPLHeadshot2026/979.png,downloaded
Aman Rao Perala,aman-rao-perala,rajasthan-royals,23034,4552,aman-rao-perala_4552.png,https://documents.iplt20.com/ipl/IPLHeadshot2026/4552.png,downloaded
Amit Kumar,amit-kumar,sunrisers-hyderabad,23087,4559,amit-kumar_4559.png,https://documents.iplt20.com/ipl/IPLHeadshot2026/4559.png,downloaded
Andre Russel,andre-russell,,177,141,,https://documents.iplt20.com/ipl/IPLHeadshot2025/141.png,alias
Andre Russell,andre-russell,,177,141,,https://documents.iplt20.com/ipl/IPLHeadshot2025/141.png,linked
Andre Siddarth,andre-siddarth,,22022,3157,,https://documents.iplt20.com/ipl/IPLHeadshot2025/3157.png,linked
Angelo Mattews,,,,,,https://upload.wikimedia.org/wikipedia/commons/thumb/a/a2/Angelo_Mathews_%285338334462%29.jpg/330px-Angelo_Mathews_%285338334462%29.jpg,manual
Angkrish Raghuvanshi,angkrish-raghuvanshi,kolkata-knight-riders,20690,787,angkrish-raghuvanshi_787.png,https://documents.iplt20.com/ipl/IPLHeadshot2026/787.png,downloaded
Aniket Verma,aniket-verma,sunrisers-hyderabad,22082,3576,aniket-verma_3576.png,https://documents.iplt20.com/ipl/IPLHeadshot2026/3576.png,downloaded
Anrich Nortje,anrich-nortje,lucknow-super-giants,5433,142,anrich-nortje_142.png,https://documents.iplt20.com/ipl/IPLHeadshot2026/142.png,downloaded
Anshul Kamboj,anshul-kamboj,chennai-super-kings,20702,3106,anshul-kamboj_3106.png,https://documents.iplt20.com/ipl/IPLHeadshot2026/3106.png,downloaded
Anuj Rawat,anuj-rawat,gujarat-titans,10788,534,anuj-rawat_534.png,https://documents.iplt20.com/ipl/IPLHeadshot2026/534.png,downloaded
Anukul Roy,anukul-roy,kolkata-knight-riders,3774,160,anukul-roy_160.png,https://documents.iplt20.com/ipl/IPLHeadshot2026/160.png,downloaded
Arjun Tendulkar,arjun-tendulkar,lucknow-super-giants,10244,585,arjun-tendulkar_585.png,https://documents.iplt20.com/ipl/IPLHeadshot2026/585.png,downloaded
Arshad Khan,mohd-arshad-khan,gujarat-titans,20599,988,mohd-arshad-khan_988.png,https://documents.iplt20.com/ipl/IPLHeadshot2026/988.png,alias
Arshdeep Singh,arshdeep-singh,punjab-kings,4698,125,arshdeep-singh_125.png,https://documents.iplt20.com/ipl/IPLHeadshot2026/125.png,downloaded
Arshin Kulkarni,arshin-kulkarni,lucknow-super-giants,20691,2788,arshin-kulkarni_2788.png,https://documents.iplt20.com/ipl/IPLHeadshot2026/2788.png,downloaded
Aryan Juyal,aryan-juyal,,20596,990,,https://documents.iplt20.com/ipl/IPLHeadshot2025/990.png,linked
Ashok Sharma,ashok-sharma,gujarat-titans,20584,980,ashok-sharma_980.png,https://documents.iplt20.com/ipl/IPLHeadshot2026/980.png,downloaded
Ashutosh Sharma,ashutosh-sharma,delhi-capitals,20703,3109,ashutosh-sharma_3109.png,https://documents.iplt20.com/ipl/IPLHeadshot2026/3109.png,downloaded
Ashwani Kumar,ashwani-kumar,mumbai-indians,22030,3569,ashwani-kumar_3569.png,https://documents.iplt20.com/ipl/IPLHeadshot2026/3569.png,downloaded
Atharva Ankolekar,atharva-ankolekar,mumbai-indians,23108,4544,atharva-ankolekar_4544.png,https://documents.iplt20.com/ipl/IPLHeadshot2026/4544.png,downloaded
Atharva Taide,atharva-taide,,20603,1001,,https://documents.iplt20.com/ipl/IPLHeadshot2025/1001.png,linked
Auqib Nabi,auqib-nabi,delhi-capitals,23005,4543,auqib-nabi_4543.png,https://documents.iplt20.com/ipl/IPLHeadshot2026/4543.png,downloaded
Avesh Khan,avesh-khan,lucknow-super-giants,1561,109,avesh-khan_109.png,https://documents.iplt20.com/ipl/IPLHeadshot2026/109.png,downloaded
Axar Patel,axar-patel,delhi-capitals,1113,110,axar-patel_110.png,https://documents.iplt20.com/ipl/IPLHeadshot2026/110.png,downloaded
Ayush Badoni,ayush-badoni,lucknow-super-giants,20586,985,ayush-badoni_985.png,https://documents.iplt20.com/ipl/IPLHeadshot2026/985.png,downloaded
Ayush Mhatre,ayush-mhatre,chennai-super-kings,22377,3497,ayush-mhatre_3497.png,https://documents.iplt20.com/ipl/IPLHeadshot2026/3497.png,downloaded
Azmatulah Umarzai,azmatullah-omarzai,punjab-kings,20685,1354,azmatullah-omarzai_1354.png,https://documents.iplt20.com/ipl/IPLHeadshot2026/1354.png,alias
Azmatullah Omarzai,azmatullah-omarzai,punjab-kings,20685,1354,azmatullah-omarzai_1354.png,https://documents.iplt20.com/ipl/IPLHeadshot2026/1354.png,downloaded
Ben Duckett,ben-duckett,delhi-capitals,23001,110,ben-duckett_110.png,https://documents.iplt20.com/ipl/IPLHeadshot2026/110.png,downloaded
Ben Dwarshuis,ben-dwarshuis,punjab-kings,1478,632,ben-dwarshuis_632.png,https://documents.iplt20.com/ipl/IPLHeadshot2026/632.png,downloaded
Ben stokes,,,,,,https://upload.wikimedia.org/wikipedia/commons/thumb/5/58/3_14_Captain_Ben_%28cropped%29.jpg/330px-3_14_Captain_Ben_%28cropped%29.jpg,manual
Bevon Jacobs,bevon-jacobs,,22174,3567,,https://documents.iplt20.com/ipl/IPLHeadshot2025/3567.png,linked
Bhuvneshwar Kumar,bhuvneshwar-kumar,royal-challengers-bengaluru,116,15,bhuvneshwar-kumar_15.png,https://documents.iplt20.com/ipl/IPLHeadshot2026/15.png,downloaded
Blessing Muzarabani,blessing-muzarabani,kolkata-knight-riders,22387,827,blessing-muzarabani_827.png,https://documents.iplt20.com/ipl/IPLHeadshot2026/827.png,downloaded
Brendon Mcclluum,,,,,,https://upload.wikimedia.org/wikipedia/commons/d/d1/Brendon_McCullum_ONZM_%28cropped%29.jpg,manual
Brijesh Sharma,brijesh-sharma,rajasthan-royals,23164,4551,brijesh-sharma_4551.png,https://documents.iplt20.com/ipl/IPLHeadshot2026/4551.png,downloaded
Brydon Carse,brydon-carse,sunrisers-hyderabad,22075,1221,brydon-carse_1221.png,https://documents.iplt20.com/ipl/IPLHeadshot2026/1221.png,downloaded
Cameron Green,cameron-green,kolkata-knight-riders,5602,550,cameron-green_550.png,https://documents.iplt20.com/ipl/IPLHeadshot2026/550.png,downloaded
Charith Asalanka,charith-asalanka,,22388,605,,https://documents.iplt20.com/ipl/IPLHeadshot2025/605.png,linked
Chetan Sakariya,chetan-sakariya,,11062,592,,https://documents.iplt20.com/ipl/IPLHeadshot2025/592.png,linked
Chris Gayle,,,,,,https://upload.wikimedia.org/wikipedia/commons/thumb/f/f8/Two_views_of_Chris_Gayle_%2848020785077%29.jpg/330px-Two_views_of_Chris_Gayle_%2848020785077%29.jpg,manual
Chris Lynn,,,,,,https://upload.wikimedia.org/wikipedia/commons/e/ef/Brisbane_Heat_vs_Melbourne_Stars_T20_7_%28cropped%29.jpg,manual
Chris Morris,,,,,,https://documents.iplt20.com/ipl/IPLHeadshot2026/Default-Men.png,manual
Cooper Connolly,cooper-connolly,punjab-kings,23052,848,cooper-connolly_848.png,https://documents.iplt20.com/ipl/IPLHeadshot2026/848.png,downloaded
Corbin Bosch,corbin-bosch,mumbai-indians,20680,1041,corbin-bosch_1041.png,https://documents.iplt20.com/ipl/IPLHeadshot2026/1041.png,downloaded
Corey Anderson,,,,,,https://documents.iplt20.com/ipl/IPLHeadshot2026/Default-Men.png,manual
Daksh Kamra,daksh-kamra,kolkata-knight-riders,23177,4548,daksh-kamra_4548.png,https://documents.iplt20.com/ipl/IPLHeadshot2026/4548.png,downloaded
Danish Malewar,danish-malewar,mumbai-indians,23031,4546,danish-malewar_4546.png,https://documents.iplt20.com/ipl/IPLHeadshot2026/4546.png,downloaded
Darren Sammy,,,,,,https://upload.wikimedia.org/wikipedia/commons/thumb/3/3d/DARREN_SAMMY.jpg/330px-DARREN_SAMMY.jpg,manual
Darshan Nalkande,darshan-nalkande,,4447,127,,https://documents.iplt20.com/ipl/IPLHeadshot2025/127.png,linked
Dasun Shanaka,dasun-shanaka,rajasthan-royals,1095,375,dasun-shanaka_375.png,https://documents.iplt20.com/ipl/IPLHeadshot2026/375.png,downloaded
David Miller,david-miller,delhi-capitals,187,128,david-miller_128.png,https://documents.iplt20.com/ipl/IPLHeadshot2026/128.png,downloaded
David Payne,david-payne,sunrisers-hyderabad,33335,5007,david-payne_5007.png,https://documents.iplt20.com/ipl/IPLHeadshot2026/5007.png,downloaded
Deepak Chahar,deepak-chahar,mumbai-indians,140,91,deepak-chahar_91.png,https://documents.iplt20.com/ipl/IPLHeadshot2026/91.png,downloaded
Deepak Hooda,deepak-hooda,,1556,215,,https://documents.iplt20.com/ipl/IPLHeadshot2025/215.png,linked
Devdutt Padikall,devdutt-padikkal,royal-challengers-bengaluru,5430,200,devdutt-padikkal_200.png,https://documents.iplt20.com/ipl/IPLHeadshot2026/200.png,alias
Devdutt Padikkal,devdutt-padikkal,royal-challengers-bengaluru,5430,200,devdutt-padikkal_200.png,https://documents.iplt20.com/ipl/IPLHeadshot2026/200.png,downloaded
Devon Convoy,devon-conway,,20572,601,,https://documents.iplt20.com/ipl/IPLHeadshot2025/601.png,alias
Devon Conway,devon-conway,,20572,601,,https://documents.iplt20.com/ipl/IPLHeadshot2025/601.png,linked
Dewald Brevis,dewald-brevis,chennai-super-kings,20593,797,dewald-brevis_797.png,https://documents.iplt20.com/ipl/IPLHeadshot2026/797.png,downloaded
Dhruv Jurel,dhruv-jurel,rajasthan-royals,20620,1004,dhruv-jurel_1004.png,https://documents.iplt20.com/ipl/IPLHeadshot2026/1004.png,downloaded
Digvesh Singh,digvesh-singh,lucknow-super-giants,5847,3565,digvesh-singh_3565.png,https://documents.iplt20.com/ipl/IPLHeadshot2026/3565.png,downloaded
Donovan Ferreira,donovan-ferreira,rajasthan-royals,5652,2033,donovan-ferreira_2033.png,https://documents.iplt20.com/ipl/IPLHeadshot2026/2033.png,downloaded
Dushmantha Chameera,dushmantha-chameera,delhi-capitals,817,608,dushmantha-chameera_608.png,https://documents.iplt20.com/ipl/IPLHeadshot2026/608.png,downloaded
Dwayne Smith,,,,,,https://upload.wikimedia.org/wikipedia/commons/thumb/f/f0/DWAYNE_SMITH.jpg/330px-DWAYNE_SMITH.jpg,manual
Eoin Morgan,,,,,,https://upload.wikimedia.org/wikipedia/commons/thumb/9/92/Eoin_Morgan_2.jpg/330px-Eoin_Morgan_2.jpg,manual
Eshan Malinga,eshan-malinga,sunrisers-hyderabad,22228,3339,eshan-malinga_3339.png,https://documents.iplt20.com/ipl/IPLHeadshot2026/3339.png,downloaded
Faf Du Plessis,faf-du-plessis,,24,94,,https://documents.iplt20.com/ipl/IPLHeadshot2025/94.png,linked
Fazalhaq Farooqi,fazalhaq-farooqi,,20610,1011,,https://documents.iplt20.com/ipl/IPLHeadshot2025/1011.png,linked
Finn Allen,finn-allen,kolkata-knight-riders,3020,595,finn-allen_595.png,https://documents.iplt20.com/ipl/IPLHeadshot2026/595.png,downloaded
George Bailey,,,,,,https://upload.wikimedia.org/wikipedia/commons/thumb/1/1c/GEORGE_BAILEY_%2811704709453%29.jpg/330px-GEORGE_BAILEY_%2811704709453%29.jpg,manual
George Linde,george-linde,lucknow-super-giants,33336,340,george-linde_340.png,https://documents.iplt20.com/ipl/IPLHeadshot2026/340.png,downloaded
Gerald Coetzee,gerald-coetzee,,20686,2535,,https://documents.iplt20.com/ipl/IPLHeadshot2025/2535.png,linked
Glenn Maxwell,glenn-maxwell,,282,28,,https://documents.iplt20.com/ipl/IPLHeadshot2025/28.png,linked
Glenn Phillip,glenn-phillips,gujarat-titans,3027,635,glenn-phillips_635.png,https://documents.iplt20.com/ipl/IPLHeadshot2026/635.png,alias
Glenn Phillips,glenn-phillips,gujarat-titans,3027,635,glenn-phillips_635.png,https://documents.iplt20.com/ipl/IPLHeadshot2026/635.png,downloaded
Gurjapneet Singh,gurjapneet-singh,chennai-super-kings,22032,2256,gurjapneet-singh_2256.png,https://documents.iplt20.com/ipl/IPLHeadshot2026/2256.png,downloaded
Gurnoor Brar,gurnoor-singh-brar,gujarat-titans,1094,1231,gurnoor-singh-brar_1231.png,https://documents.iplt20.com/ipl/IPLHeadshot2026/1231.png,alias
Gurnoor Singh Brar,gurnoor-singh-brar,gujarat-titans,1094,1231,gurnoor-singh-brar_1231.png,https://documents.iplt20.com/ipl/IPLHeadshot2026/1231.png,downloaded
Harbhajan Singh,,,,,,https://upload.wikimedia.org/wikipedia/commons/thumb/5/5a/Shri_Harbhajan_Singh_2015.jpg/330px-Shri_Harbhajan_Singh_2015.jpg,manual
Hardik Pandya,hardik-pandya,mumbai-indians,2740,54,hardik-pandya_54.png,https://documents.iplt20.com/ipl/IPLHeadshot2026/54.png,downloaded
Harnoor Pannu,harnoor-pannu,punjab-kings,22019,784,harnoor-pannu_784.png,https://documents.iplt20.com/ipl/IPLHeadshot2026/784.png,downloaded
Harpreet Brar,harpreet-brar,punjab-kings,5441,130,harpreet-brar_130.png,https://documents.iplt20.com/ipl/IPLHeadshot2026/130.png,downloaded
Harry Brook,,,,,,https://upload.wikimedia.org/wikipedia/commons/thumb/6/63/Harry_Brook_County_cricket_cropped.jpg/330px-Harry_Brook_County_cricket_cropped.jpg,manual
Harsh Dubey,harsh-dubey,sunrisers-hyderabad,22381,1494,harsh-dubey_1494.png,https://documents.iplt20.com/ipl/IPLHeadshot2026/1494.png,downloaded
Harshal Patel,harshal-patel,sunrisers-hyderabad,157,114,harshal-patel_114.png,https://documents.iplt20.com/ipl/IPLHeadshot2026/114.png,downloaded
Harshit Rana,harshit-rana,,20626,,,https://documents.iplt20.com/ipl/IPLHeadshot2026/Default-Men.png,linked
Heinrich Klaasen,heinrich-klaasen,sunrisers-hyderabad,3869,202,heinrich-klaasen_202.png,https://documents.iplt20.com/ipl/IPLHeadshot2026/202.png,downloaded
Henrick Klassen,heinrich-klaasen,sunrisers-hyderabad,3869,202,heinrich-klaasen_202.png,https://documents.iplt20.com/ipl/IPLHeadshot2026/202.png,alias
Himmat Singh,himmat-singh,lucknow-super-giants,5434,203,himmat-singh_203.png,https://documents.iplt20.com/ipl/IPLHeadshot2026/203.png,downloaded
Imran Tahir,,,,,,https://upload.wikimedia.org/wikipedia/commons/thumb/c/cf/Imran_Tahir.jpg/330px-Imran_Tahir.jpg,manual
Ishan Kishan,ishan-kishan,sunrisers-hyderabad,2975,164,ishan-kishan_164.png,https://documents.iplt20.com/ipl/IPLHeadshot2026/164.png,downloaded
Ishant Sharma,ishant-sharma,gujarat-titans,38,50,ishant-sharma_50.png,https://documents.iplt20.com/ipl/IPLHeadshot2026/50.png,downloaded
Jack Fraser McGurk,,,,,,https://upload.wikimedia.org/wikipedia/commons/8/89/Jake_Fraser_McGurk_2024_clip.png,manual
Jacob Bethell,jacob-bethell,royal-challengers-bengaluru,22074,869,jacob-bethell_869.png,https://documents.iplt20.com/ipl/IPLHeadshot2026/869.png,downloaded
Jacob Duffy,jacob-duffy,royal-challengers-bengaluru,23003,1701,jacob-duffy_1701.png,https://documents.iplt20.com/ipl/IPLHeadshot2026/1701.png,downloaded
James Faulkner,,,,,,https://upload.wikimedia.org/wikipedia/commons/thumb/0/0e/JAMES_FAULKNER_%2811704434875%29_%28cropped%29.jpg/330px-JAMES_FAULKNER_%2811704434875%29_%28cropped%29.jpg,manual
Jamie Overton,jamie-overton,chennai-super-kings,22109,1216,jamie-overton_1216.png,https://documents.iplt20.com/ipl/IPLHeadshot2026/1216.png,downloaded
Jason Holder,jason-holder,gujarat-titans,1075,263,jason-holder_263.png,https://documents.iplt20.com/ipl/IPLHeadshot2026/263.png,downloaded
Jasprit Bumrah,jasprit-bumrah,mumbai-indians,1124,9,jasprit-bumrah_9.png,https://documents.iplt20.com/ipl/IPLHeadshot2026/9.png,downloaded
Jayant Yadav,jayant-yadav,gujarat-titans,1740,165,jayant-yadav_165.png,https://documents.iplt20.com/ipl/IPLHeadshot2026/165.png,downloaded
Jaydev Unadkat,jaydev-unadkat,sunrisers-hyderabad,86,180,jaydev-unadkat_180.png,https://documents.iplt20.com/ipl/IPLHeadshot2026/180.png,downloaded
Jitesh Sharma,jitesh-sharma,royal-challengers-bengaluru,3185,1000,jitesh-sharma_1000.png,https://documents.iplt20.com/ipl/IPLHeadshot2026/1000.png,downloaded
Jofra Archer,jofra-archer,rajasthan-royals,3502,181,jofra-archer_181.png,https://documents.iplt20.com/ipl/IPLHeadshot2026/181.png,downloaded
Jonny Bairstow,jonny-bairstow,,506,216,,https://documents.iplt20.com/ipl/IPLHeadshot2025/216.png,linked
Jordan Cox,jordan-cox,royal-challengers-bengaluru,23023,3372,jordan-cox_3372.png,https://documents.iplt20.com/ipl/IPLHeadshot2026/3372.png,downloaded
Jos Buttler,jos-buttler,gujarat-titans,509,182,jos-buttler_182.png,https://documents.iplt20.com/ipl/IPLHeadshot2026/182.png,downloaded
Josh Butler,jos-buttler,gujarat-titans,509,182,jos-buttler_182.png,https://documents.iplt20.com/ipl/IPLHeadshot2026/182.png,alias
Josh Hazelwood,josh-hazlewood,royal-challengers-bengaluru,857,36,josh-hazlewood_36.png,https://documents.iplt20.com/ipl/IPLHeadshot2026/36.png,alias
Josh Hazlewood,josh-hazlewood,royal-challengers-bengaluru,857,36,josh-hazlewood_36.png,https://documents.iplt20.com/ipl/IPLHeadshot2026/36.png,downloaded
Josh Inglis,josh-inglis,lucknow-super-giants,22372,647,josh-inglis_647.png,https://documents.iplt20.com/ipl/IPLHeadshot2026/647.png,downloaded
Jp duminy,,,,,,https://upload.wikimedia.org/wikipedia/commons/thumb/0/08/JP_DUMINY_%2815681049126%29.jpg/330px-JP_DUMINY_%2815681049126%29.jpg,manual
Kagiso Rabada,kagiso-rabada,gujarat-titans,1664,116,kagiso-rabada_116.png,https://documents.iplt20.com/ipl/IPLHeadshot2026/116.png,downloaded
Kamindu Mendis,kamindu-mendis,sunrisers-hyderabad,22077,627,kamindu-mendis_627.png,https://documents.iplt20.com/ipl/IPLHeadshot2026/627.png,downloaded
Kamlesh Nagarkoti,kamlesh-nagarkoti,,3766,146,,https://documents.iplt20.com/ipl/IPLHeadshot2025/146.png,linked
Kane Williamson,,,,,,https://upload.wikimedia.org/wikipedia/commons/thumb/2/2a/Kane_Williamson_in_2019.jpg/330px-Kane_Williamson_in_2019.jpg,manual
Kanishk Chouhan,kanishk-chouhan,royal-challengers-bengaluru,23168,4016,kanishk-chouhan_4016.png,https://documents.iplt20.com/ipl/IPLHeadshot2026/4016.png,downloaded
Karim Janat,karim-janat,,22139,247,,https://documents.iplt20.com/ipl/IPLHeadshot2025/247.png,linked
Karn Sharma,karn-sharma,,1118,98,,https://documents.iplt20.com/ipl/IPLHeadshot2025/98.png,linked
Kartik Sharma,kartik-sharma,chennai-super-kings,23012,4540,kartik-sharma_4540.png,https://documents.iplt20.com/ipl/IPLHeadshot2026/4540.png,downloaded
Kartik Tyagi,kartik-tyagi,kolkata-knight-riders,10059,536,kartik-tyagi_536.png,https://documents.iplt20.com/ipl/IPLHeadshot2026/536.png,downloaded
Karun Nair,karun-nair,delhi-capitals,276,131,karun-nair_131.png,https://documents.iplt20.com/ipl/IPLHeadshot2026/131.png,downloaded
Kedar Jadhav,,,,,,https://documents.iplt20.com/ipl/IPLHeadshot2026/Default-Men.png,manual
Khaleel Ahmed,khaleel-ahmed,chennai-super-kings,2964,8,khaleel-ahmed_8.png,https://documents.iplt20.com/ipl/IPLHeadshot2026/8.png,downloaded
Kl Rahul,kl-rahul,delhi-capitals,1125,19,kl-rahul_19.png,https://documents.iplt20.com/ipl/IPLHeadshot2026/19.png,downloaded
Krains Fuletra,krains-fuletra,sunrisers-hyderabad,23132,4557,krains-fuletra_4557.png,https://documents.iplt20.com/ipl/IPLHeadshot2026/4557.png,downloaded
Krunal Pandya,krunal-pandya,royal-challengers-bengaluru,3183,17,krunal-pandya_17.png,https://documents.iplt20.com/ipl/IPLHeadshot2026/17.png,downloaded
Kuldeep Sen,kuldeep-sen,rajasthan-royals,20616,1005,kuldeep-sen_1005.png,https://documents.iplt20.com/ipl/IPLHeadshot2026/1005.png,downloaded
Kuldeep Yadav,kuldeep-yadav,delhi-capitals,261,14,kuldeep-yadav_14.png,https://documents.iplt20.com/ipl/IPLHeadshot2026/14.png,downloaded
Kulwant Khejroliya,kulwant-khejroliya,gujarat-titans,3835,204,kulwant-khejroliya_204.png,https://documents.iplt20.com/ipl/IPLHeadshot2026/204.png,downloaded
Kumar Kartikeya Singh,kumar-kartikeya-singh,,20629,1015,,https://documents.iplt20.com/ipl/IPLHeadshot2025/1015.png,linked
Kumar Kushagra,kumar-kushagra,gujarat-titans,20694,3101,kumar-kushagra_3101.png,https://documents.iplt20.com/ipl/IPLHeadshot2026/3101.png,downloaded
Kunal Rathore,kunal-rathore,,5763,1540,,https://documents.iplt20.com/ipl/IPLHeadshot2025/1540.png,linked
Kusal Mendis,kusal-mendis,,22384,276,,https://documents.iplt20.com/ipl/IPLHeadshot2025/276.png,linked
Kwena Maphaka,kwena-maphaka,rajasthan-royals,20724,801,kwena-maphaka_801.png,https://documents.iplt20.com/ipl/IPLHeadshot2026/801.png,downloaded
Kyle Jamieson,kyle-jamieson,delhi-capitals,1616,382,kyle-jamieson_382.png,https://documents.iplt20.com/ipl/IPLHeadshot2026/382.png,downloaded
Lhuan Dre Pretorius,lhuan-dre-pretorius,,22383,2827,lhuan-dre-pretorious_2827.png,https://documents.iplt20.com/ipl/IPLHeadshot2026/2827.png,downloaded
Lhuan-dre Pretorious,lhuan-dre-pretorious,rajasthan-royals,22383,2827,lhuan-dre-pretorious_2827.png,https://documents.iplt20.com/ipl/IPLHeadshot2026/2827.png,downloaded
Liam Linvingstone,liam-livingstone,sunrisers-hyderabad,3644,183,liam-livingstone_183.png,https://documents.iplt20.com/ipl/IPLHeadshot2026/183.png,alias
Liam Livingstone,liam-livingstone,sunrisers-hyderabad,3644,183,liam-livingstone_183.png,https://documents.iplt20.com/ipl/IPLHeadshot2026/183.png,downloaded
Lindl Simmons,,,,,,https://upload.wikimedia.org/wikipedia/commons/thumb/3/35/Lendl_Simmons.jpg/330px-Lendl_Simmons.jpg,manual
Lizaad Williams,lizaad-williams,,20727,631,,https://documents.iplt20.com/ipl/IPLHeadshot2024/631.png,linked
Lockie Ferguson,lockie-ferguson,punjab-kings,3729,69,lockie-ferguson_69.png,https://documents.iplt20.com/ipl/IPLHeadshot2026/69.png,downloaded
Loki Ferguson,lockie-ferguson,punjab-kings,3729,69,lockie-ferguson_69.png,https://documents.iplt20.com/ipl/IPLHeadshot2026/69.png,alias
Luke Wood,luke-wood,gujarat-titans,20721,3116,luke-wood_3116.png,https://documents.iplt20.com/ipl/IPLHeadshot2026/3116.png,downloaded
Lungisani Ngidi,lungisani-ngidi,delhi-capitals,3746,99,lungisani-ngidi_99.png,https://documents.iplt20.com/ipl/IPLHeadshot2026/99.png,downloaded
Luvnith Sisodia,luvnith-sisodia,,20613,1009,,https://documents.iplt20.com/ipl/IPLHeadshot2025/1009.png,linked
M Siddharth,m-siddharth,lucknow-super-giants,7119,532,m-siddharth_532.png,https://documents.iplt20.com/ipl/IPLHeadshot2026/532.png,downloaded
Madhav Tiwari,madhav-tiwari,delhi-capitals,22259,3561,madhav-tiwari_3561.png,https://documents.iplt20.com/ipl/IPLHeadshot2026/3561.png,downloaded
Maheesh Theekshana,maheesh-theekshana,,20570,629,,https://documents.iplt20.com/ipl/IPLHeadshot2025/629.png,linked
Mahipal Lomror,mahipal-lomror,,2970,184,,https://documents.iplt20.com/ipl/IPLHeadshot2025/184.png,linked
Mahisha Tikshana,maheesh-theekshana,,20570,629,,https://documents.iplt20.com/ipl/IPLHeadshot2025/629.png,alias
Manan Vohra,,,,,,https://upload.wikimedia.org/wikipedia/commons/thumb/f/f1/MananVohra_Magic_book_of_record.jpg/330px-MananVohra_Magic_book_of_record.jpg,manual
Manav Suthar,manav-suthar,gujarat-titans,20692,2443,manav-suthar_2443.png,https://documents.iplt20.com/ipl/IPLHeadshot2026/2443.png,downloaded
Mangesh Yadav,mangesh-yadav,royal-challengers-bengaluru,23040,4554,mangesh-yadav_4554.png,https://documents.iplt20.com/ipl/IPLHeadshot2026/4554.png,downloaded
Manish Pandey,manish-pandey,kolkata-knight-riders,123,16,manish-pandey_16.png,https://documents.iplt20.com/ipl/IPLHeadshot2026/16.png,downloaded
Manoj Bhandage,manoj-bhandage,,5645,1485,,https://documents.iplt20.com/ipl/IPLHeadshot2025/1485.png,linked
Manvanth Kumar,manvanth-kumar,,22086,3562,,https://documents.iplt20.com/ipl/IPLHeadshot2025/3562.png,linked
Marco Jansen,marco-jansen,punjab-kings,17068,586,marco-jansen_586.png,https://documents.iplt20.com/ipl/IPLHeadshot2026/586.png,downloaded
Marco Jensen,marco-jansen,punjab-kings,17068,586,marco-jansen_586.png,https://documents.iplt20.com/ipl/IPLHeadshot2026/586.png,alias
Marcus Stoinis,marcus-stoinis,punjab-kings,964,23,marcus-stoinis_23.png,https://documents.iplt20.com/ipl/IPLHeadshot2026/23.png,downloaded
Matheesha Pathirana,matheesha-pathirana,kolkata-knight-riders,20627,1014,matheesha-pathirana_1014.png,https://documents.iplt20.com/ipl/IPLHeadshot2026/1014.png,downloaded
Matt Henry,matt-henry,chennai-super-kings,1505,71,matt-henry_71.png,https://documents.iplt20.com/ipl/IPLHeadshot2026/71.png,downloaded
Matthew Breetzke,matthew-breetzke,lucknow-super-giants,22375,2805,matthew-breetzke_2805.png,https://documents.iplt20.com/ipl/IPLHeadshot2026/2805.png,downloaded
Matthew William Short,matthew-william-short,chennai-super-kings,2032,2032,matthew-william-short_2032.png,https://documents.iplt20.com/ipl/IPLHeadshot2026/2032.png,downloaded
Mayank Agarwal,mayank-agarwal,,158,55,,https://documents.iplt20.com/ipl/IPLHeadshot2025/55.png,linked
Mayank Markande,mayank-markande,mumbai-indians,4951,87,mayank-markande_87.png,https://documents.iplt20.com/ipl/IPLHeadshot2026/87.png,downloaded
Mayank Rawat,mayank-rawat,mumbai-indians,23038,1228,mayank-rawat_1228.png,https://documents.iplt20.com/ipl/IPLHeadshot2026/1228.png,downloaded
Mayank Yadav,mayank-yadav,lucknow-super-giants,20585,987,mayank-yadav_987.png,https://documents.iplt20.com/ipl/IPLHeadshot2026/987.png,downloaded
Mitch Owen,mitch-owen,punjab-kings,22380,3870,mitch-owen_3870.png,https://documents.iplt20.com/ipl/IPLHeadshot2026/3870.png,downloaded
Mitchell Johnson,,,,,,https://upload.wikimedia.org/wikipedia/commons/thumb/3/34/MITCHELL_JOHNSON_%2811705174114%29_%28cropped%29.jpg/330px-MITCHELL_JOHNSON_%2811705174114%29_%28cropped%29.jpg,manual
Mitchell Marsh,mitchell-marsh,lucknow-super-giants,221,40,mitchell-marsh_40.png,https://documents.iplt20.com/ipl/IPLHeadshot2026/40.png,downloaded
Mitchell Mcclenaghan,,,,,,https://documents.iplt20.com/ipl/IPLHeadshot2026/Default-Men.png,manual
Mitchell Santner,mitchell-santner,mumbai-indians,1903,75,mitchell-santner_75.png,https://documents.iplt20.com/ipl/IPLHeadshot2026/75.png,downloaded
Mitchell Starc,mitchell-starc,delhi-capitals,490,31,mitchell-starc_31.png,https://documents.iplt20.com/ipl/IPLHeadshot2026/31.png,downloaded
Moeen Ali,moeen-ali,,1735,206,,https://documents.iplt20.com/ipl/IPLHeadshot2025/206.png,linked
Moen Ali,moeen-ali,,1735,206,,https://documents.iplt20.com/ipl/IPLHeadshot2025/206.png,alias
Mohammad Izhar,mohammad-izhar,mumbai-indians,23045,4545,mohammad-izhar_4545.png,https://documents.iplt20.com/ipl/IPLHeadshot2026/4545.png,downloaded
Mohammad Shami,mohammad-shami,lucknow-super-giants,94,47,mohammad-shami_47.png,https://documents.iplt20.com/ipl/IPLHeadshot2026/47.png,downloaded
Mohammad Siraj,mohammed-siraj,gujarat-titans,3840,63,mohammed-siraj_63.png,https://documents.iplt20.com/ipl/IPLHeadshot2026/63.png,alias
Mohammed Siraj,mohammed-siraj,gujarat-titans,3840,63,mohammed-siraj_63.png,https://documents.iplt20.com/ipl/IPLHeadshot2026/63.png,downloaded
Mohd Arshad Khan,mohd-arshad-khan,gujarat-titans,20599,988,mohd-arshad-khan_988.png,https://documents.iplt20.com/ipl/IPLHeadshot2026/988.png,downloaded
Mohit Rathee,mohit-rathee,,5856,1935,,https://documents.iplt20.com/ipl/IPLHeadshot2025/1935.png,linked
Mohit Sharma,mohit-sharma,,1107,100,,https://documents.iplt20.com/ipl/IPLHeadshot2025/100.png,linked
Mohseen Khan,mohsin-khan,lucknow-super-giants,4952,541,mohsin-khan_541.png,https://documents.iplt20.com/ipl/IPLHeadshot2026/541.png,alias
Mohsin Khan,mohsin-khan,lucknow-super-giants,4952,541,mohsin-khan_541.png,https://documents.iplt20.com/ipl/IPLHeadshot2026/541.png,downloaded
Moises Henriques,,,,,,https://upload.wikimedia.org/wikipedia/commons/thumb/6/68/Moises_Henriques_with_the_Sydney_Sixers.jpg/330px-Moises_Henriques_with_the_Sydney_Sixers.jpg,manual
Morne Morkel,,,,,,https://upload.wikimedia.org/wikipedia/commons/thumb/a/a3/Morne_Morkel.jpg/330px-Morne_Morkel.jpg,manual
Ms Dhoni,ms-dhoni,chennai-super-kings,1,57,ms-dhoni_57.png,https://documents.iplt20.com/ipl/IPLHeadshot2026/57.png,downloaded
Muhammed Shami,mohammad-shami,lucknow-super-giants,94,47,mohammad-shami_47.png,https://documents.iplt20.com/ipl/IPLHeadshot2026/47.png,alias
Mujeeb Ur Rahman,mujeeb-ur-rahman,,4572,134,,https://documents.iplt20.com/ipl/IPLHeadshot2025/134.png,linked
Mukesh Choudhary,mukesh-choudhary,chennai-super-kings,20575,970,mukesh-choudhary_970.png,https://documents.iplt20.com/ipl/IPLHeadshot2026/970.png,downloaded
Mukesh Kumar,mukesh-kumar,delhi-capitals,5622,1462,mukesh-kumar_1462.png,https://documents.iplt20.com/ipl/IPLHeadshot2026/1462.png,downloaded
Mukul Choudhary,mukul-choudhary,lucknow-super-giants,23010,4549,mukul-choudhary_4549.png,https://documents.iplt20.com/ipl/IPLHeadshot2026/4549.png,downloaded
Murali Vijay,,,,,,https://upload.wikimedia.org/wikipedia/commons/thumb/9/9f/Murali_Vijay_1_%28cropped%29.jpg/330px-Murali_Vijay_1_%28cropped%29.jpg,manual
Musheer Khan,musheer-khan,punjab-kings,22085,2813,musheer-khan_2813.png,https://documents.iplt20.com/ipl/IPLHeadshot2026/2813.png,downloaded
Mustafizur Rahman,mustafizur-rahman,,1594,,,https://documents.iplt20.com/ipl/IPLHeadshot2026/Default-Men.png,linked
N Tilak Varma,n-tilak-varma,mumbai-indians,20594,993,n-tilak-varma_993.png,https://documents.iplt20.com/ipl/IPLHeadshot2026/993.png,downloaded
Naman Dhar,naman-dhir,mumbai-indians,20701,3107,naman-dhir_3107.png,https://documents.iplt20.com/ipl/IPLHeadshot2026/3107.png,alias
Naman Dhir,naman-dhir,mumbai-indians,20701,3107,naman-dhir_3107.png,https://documents.iplt20.com/ipl/IPLHeadshot2026/3107.png,downloaded
Naman Tiwari,naman-tiwari,lucknow-super-giants,23015,2801,naman-tiwari_2801.png,https://documents.iplt20.com/ipl/IPLHeadshot2026/2801.png,downloaded
Nandre Burger,nandre-burger,rajasthan-royals,20716,2806,nandre-burger_2806.png,https://documents.iplt20.com/ipl/IPLHeadshot2026/2806.png,downloaded
Nathan Ellis,nathan-ellis,,17118,,,https://documents.iplt20.com/ipl/IPLHeadshot2026/Default-Men.png,linked
Navdeep Saini,navdeep-saini,kolkata-knight-riders,3824,207,navdeep-saini_207.png,https://documents.iplt20.com/ipl/IPLHeadshot2026/207.png,downloaded
Nehal Wadhera,nehal-wadhera,punjab-kings,5859,1541,nehal-wadhera_1541.png,https://documents.iplt20.com/ipl/IPLHeadshot2026/1541.png,downloaded
Nicholas Pooran,nicholas-pooran,lucknow-super-giants,1703,136,nicholas-pooran_136.png,https://documents.iplt20.com/ipl/IPLHeadshot2026/136.png,downloaded
Nihal Wadhera,nehal-wadhera,punjab-kings,5859,1541,nehal-wadhera_1541.png,https://documents.iplt20.com/ipl/IPLHeadshot2026/1541.png,alias
Nishant Sindhu,nishant-sindhu,gujarat-titans,5615,791,nishant-sindhu_791.png,https://documents.iplt20.com/ipl/IPLHeadshot2026/791.png,downloaded
Nitish Kumar Reddy,nitish-kumar-reddy,sunrisers-hyderabad,5711,1944,nitish-kumar-reddy_1944.png,https://documents.iplt20.com/ipl/IPLHeadshot2026/1944.png,downloaded
Nitish Rana,nitish-rana,delhi-capitals,2738,148,nitish-rana_148.png,https://documents.iplt20.com/ipl/IPLHeadshot2026/148.png,downloaded
Nitish Reddy,nitish-kumar-reddy,sunrisers-hyderabad,5711,1944,nitish-kumar-reddy_1944.png,https://documents.iplt20.com/ipl/IPLHeadshot2026/1944.png,alias
Noor Ahmad,noor-ahmad,chennai-super-kings,20590,975,noor-ahmad_975.png,https://documents.iplt20.com/ipl/IPLHeadshot2026/975.png,downloaded
Noor Ahmed,noor-ahmad,chennai-super-kings,20590,975,noor-ahmad_975.png,https://documents.iplt20.com/ipl/IPLHeadshot2026/975.png,alias
Nuwan Thushara,nuwan-thushara,royal-challengers-bengaluru,20700,813,nuwan-thushara_813.png,https://documents.iplt20.com/ipl/IPLHeadshot2026/813.png,downloaded
Onkar Tarmale,onkar-tarmale,sunrisers-hyderabad,23048,4560,onkar-tarmale_4560.png,https://documents.iplt20.com/ipl/IPLHeadshot2026/4560.png,downloaded
Parthiv Patel,,,,,,https://upload.wikimedia.org/wikipedia/commons/thumb/6/6f/Parthiv_Patel.jpg/330px-Parthiv_Patel.jpg,manual
Pat Cummins,pat-cummins,sunrisers-hyderabad,488,33,pat-cummins_33.png,https://documents.iplt20.com/ipl/IPLHeadshot2026/33.png,downloaded
Pathum Nissanka,pathum-nissanka,delhi-capitals,23020,618,pathum-nissanka_618.png,https://documents.iplt20.com/ipl/IPLHeadshot2026/618.png,downloaded
Phil Salt,phil-salt,royal-challengers-bengaluru,5606,1220,phil-salt_1220.png,https://documents.iplt20.com/ipl/IPLHeadshot2026/1220.png,downloaded
Phillip Salt,phil-salt,royal-challengers-bengaluru,5606,1220,phil-salt_1220.png,https://documents.iplt20.com/ipl/IPLHeadshot2026/1220.png,alias
Prabhsimran Singh,prabhsimran-singh,punjab-kings,5436,137,prabhsimran-singh_137.png,https://documents.iplt20.com/ipl/IPLHeadshot2026/137.png,downloaded
Praful Hinge,praful-hinge,sunrisers-hyderabad,23114,4558,praful-hinge_4558.png,https://documents.iplt20.com/ipl/IPLHeadshot2026/4558.png,downloaded
Prashant Solanki,prashant-solanki,kolkata-knight-riders,20576,972,prashant-solanki_972.png,https://documents.iplt20.com/ipl/IPLHeadshot2026/972.png,downloaded
Prashant Veer,prashant-veer,chennai-super-kings,23008,4541,prashant-veer_4541.png,https://documents.iplt20.com/ipl/IPLHeadshot2026/4541.png,downloaded
Prasidh Krishna,prasidh-krishna,gujarat-titans,5105,150,prasidh-krishna_150.png,https://documents.iplt20.com/ipl/IPLHeadshot2026/150.png,downloaded
Pravin Dubey,pravin-dubey,punjab-kings,3188,548,pravin-dubey_548.png,https://documents.iplt20.com/ipl/IPLHeadshot2026/548.png,downloaded
Prince Yadav,prince-yadav,lucknow-super-giants,22097,1225,prince-yadav_1225.png,https://documents.iplt20.com/ipl/IPLHeadshot2026/1225.png,downloaded
Prithvi Shaw,prithvi-shaw,delhi-capitals,3764,51,prithvi-shaw_51.png,https://documents.iplt20.com/ipl/IPLHeadshot2026/51.png,downloaded
Priyansh Arya,priyansh-arya,punjab-kings,22052,3571,priyansh-arya_3571.png,https://documents.iplt20.com/ipl/IPLHeadshot2026/3571.png,downloaded
Pyla Avinash,pyla-avinash,punjab-kings,22145,3573,pyla-avinash_3573.png,https://documents.iplt20.com/ipl/IPLHeadshot2026/3573.png,downloaded
Quinten D'Cock,quinton-de-kock,mumbai-indians,834,170,quinton-de-kock_170.png,https://documents.iplt20.com/ipl/IPLHeadshot2026/170.png,alias
Quinton De Kock,quinton-de-kock,mumbai-indians,834,170,quinton-de-kock_170.png,https://documents.iplt20.com/ipl/IPLHeadshot2026/170.png,downloaded
R Sai kishore,sai-kishore,gujarat-titans,7123,544,sai-kishore_544.png,https://documents.iplt20.com/ipl/IPLHeadshot2026/544.png,alias
Rachin Ravindra,rachin-ravindra,kolkata-knight-riders,20684,724,rachin-ravindra_724.png,https://documents.iplt20.com/ipl/IPLHeadshot2026/724.png,downloaded
Raghu Sharma,raghu-sharma,mumbai-indians,22379,3869,raghu-sharma_3869.png,https://documents.iplt20.com/ipl/IPLHeadshot2026/3869.png,downloaded
Rahmanullah Gurbaz,rahmanullah-gurbaz,,20625,641,,https://documents.iplt20.com/ipl/IPLHeadshot2025/641.png,linked
Rahul Chahar,rahul-chahar,chennai-super-kings,3763,171,rahul-chahar_171.png,https://documents.iplt20.com/ipl/IPLHeadshot2026/171.png,downloaded
Rahul Tewatia,rahul-tewatia,gujarat-titans,1749,120,rahul-tewatia_120.png,https://documents.iplt20.com/ipl/IPLHeadshot2026/120.png,downloaded
Rahul Tripathi,rahul-tripathi,kolkata-knight-riders,3838,188,rahul-tripathi_188.png,https://documents.iplt20.com/ipl/IPLHeadshot2026/188.png,downloaded
Raj Angad Bawa,raj-angad-bawa,mumbai-indians,20601,781,raj-angad-bawa_781.png,https://documents.iplt20.com/ipl/IPLHeadshot2026/781.png,downloaded
Rajat Patidar,rajat-patidar,royal-challengers-bengaluru,5471,597,rajat-patidar_597.png,https://documents.iplt20.com/ipl/IPLHeadshot2026/597.png,downloaded
Rajvardhan Hangargekar,rajvardhan-hangargekar,,20571,783,,https://documents.iplt20.com/ipl/IPLHeadshot2025/783.png,linked
Ramakrishna Ghosh,ramakrishna-ghosh,chennai-super-kings,22153,3559,ramakrishna-ghosh_3559.png,https://documents.iplt20.com/ipl/IPLHeadshot2026/3559.png,downloaded
Ramandeep Singh,ramandeep-singh,kolkata-knight-riders,20595,991,ramandeep-singh_991.png,https://documents.iplt20.com/ipl/IPLHeadshot2026/991.png,downloaded
Rashid Khan,rashid-khan,gujarat-titans,2885,218,rashid-khan_218.png,https://documents.iplt20.com/ipl/IPLHeadshot2026/218.png,downloaded
Rasikh Dar,rasikh-dar,royal-challengers-bengaluru,20577,172,rasikh-dar_172.png,https://documents.iplt20.com/ipl/IPLHeadshot2026/172.png,downloaded
Ravi Bishnoi,ravi-bishnoi,rajasthan-royals,19351,520,ravi-bishnoi_520.png,https://documents.iplt20.com/ipl/IPLHeadshot2026/520.png,downloaded
Ravi Singh,ravi-singh,rajasthan-royals,23044,4550,ravi-singh_4550.png,https://documents.iplt20.com/ipl/IPLHeadshot2026/4550.png,downloaded
Ravichandra Ashwin,ravichandran-ashwin,,8,45,,https://documents.iplt20.com/ipl/IPLHeadshot2025/45.png,alias
Ravichandran Ashwin,ravichandran-ashwin,,8,45,,https://documents.iplt20.com/ipl/IPLHeadshot2025/45.png,linked
Ravindra Jadeja,ravindra-jadeja,rajasthan-royals,9,46,ravindra-jadeja_46.png,https://documents.iplt20.com/ipl/IPLHeadshot2026/46.png,downloaded
Ravisrinivasan Sai Kishore,sai-kishore,gujarat-titans,7123,544,sai-kishore_544.png,https://documents.iplt20.com/ipl/IPLHeadshot2026/544.png,alias
Reece Topley,reece-topley,,5607,574,,https://documents.iplt20.com/ipl/IPLHeadshot2025/574.png,linked
Richard Gleeson,richard-gleeson,,20730,1219,,https://documents.iplt20.com/ipl/IPLHeadshot2025/1219.png,linked
Rinku Singh,rinku-singh,kolkata-knight-riders,3830,152,rinku-singh_152.png,https://documents.iplt20.com/ipl/IPLHeadshot2026/152.png,downloaded
Rishabh Pant,rishabh-pant,lucknow-super-giants,2972,18,rishabh-pant_18.png,https://documents.iplt20.com/ipl/IPLHeadshot2026/18.png,downloaded
Rituraj Gaikwad,ruturaj-gaikwad,chennai-super-kings,5443,102,ruturaj-gaikwad_102.png,https://documents.iplt20.com/ipl/IPLHeadshot2026/102.png,alias
Riyan Parag,riyan-parag,rajasthan-royals,4445,189,riyan-parag_189.png,https://documents.iplt20.com/ipl/IPLHeadshot2026/189.png,downloaded
Robin Minz,robin-minz,mumbai-indians,20707,3103,robin-minz_3103.png,https://documents.iplt20.com/ipl/IPLHeadshot2026/3103.png,downloaded
Rohit Sharma,rohit-sharma,mumbai-indians,107,6,rohit-sharma_6.png,https://documents.iplt20.com/ipl/IPLHeadshot2026/6.png,downloaded
Roman Powel,rovman-powell,kolkata-knight-riders,3333,329,rovman-powell_329.png,https://documents.iplt20.com/ipl/IPLHeadshot2026/329.png,alias
Romario Shepherd,romario-shepherd,royal-challengers-bengaluru,20609,371,romario-shepherd_371.png,https://documents.iplt20.com/ipl/IPLHeadshot2026/371.png,downloaded
Rovman Powell,rovman-powell,kolkata-knight-riders,3333,329,rovman-powell_329.png,https://documents.iplt20.com/ipl/IPLHeadshot2026/329.png,downloaded
Ruturaj Gaikwad,ruturaj-gaikwad,chennai-super-kings,5443,102,ruturaj-gaikwad_102.png,https://documents.iplt20.com/ipl/IPLHeadshot2026/102.png,downloaded
Ryan Rickelton,ryan-rickelton,mumbai-indians,22003,743,ryan-rickelton_743.png,https://documents.iplt20.com/ipl/IPLHeadshot2026/743.png,downloaded
Ryan Rickleton,ryan-rickelton,mumbai-indians,22003,743,ryan-rickelton_743.png,https://documents.iplt20.com/ipl/IPLHeadshot2026/743.png,alias
Sachin Baby,sachin-baby,,1115,599,,https://documents.iplt20.com/ipl/IPLHeadshot2025/599.png,linked
Sahil Parakh,sahil-parakh,delhi-capitals,23063,4542,sahil-parakh_4542.png,https://documents.iplt20.com/ipl/IPLHeadshot2026/4542.png,downloaded
Sai Kishore,sai-kishore,gujarat-titans,7123,544,sai-kishore_544.png,https://documents.iplt20.com/ipl/IPLHeadshot2026/544.png,downloaded
Sai Sudarshan,sai-sudharsan,gujarat-titans,20592,976,sai-sudharsan_976.png,https://documents.iplt20.com/ipl/IPLHeadshot2026/976.png,alias
Sai Sudharsan,sai-sudharsan,gujarat-titans,20592,976,sai-sudharsan_976.png,https://documents.iplt20.com/ipl/IPLHeadshot2026/976.png,downloaded
Sakib Hussain,sakib-hussain,sunrisers-hyderabad,20717,3104,sakib-hussain_3104.png,https://documents.iplt20.com/ipl/IPLHeadshot2026/3104.png,downloaded
Salil Arora,salil-arora,sunrisers-hyderabad,23041,4556,salil-arora_4556.png,https://documents.iplt20.com/ipl/IPLHeadshot2026/4556.png,downloaded
Sam Curran,sam-curran,,2939,,,https://documents.iplt20.com/ipl/IPLHeadshot2026/Default-Men.png,linked
Sameer Rizvi,sameer-rizvi,delhi-capitals,20689,1229,sameer-rizvi_1229.png,https://documents.iplt20.com/ipl/IPLHeadshot2026/1229.png,downloaded
Sandeep Sharma,sandeep-sharma,rajasthan-royals,1112,220,sandeep-sharma_220.png,https://documents.iplt20.com/ipl/IPLHeadshot2026/220.png,downloaded
Sanju Samson,sanju-samson,chennai-super-kings,258,190,sanju-samson_190.png,https://documents.iplt20.com/ipl/IPLHeadshot2026/190.png,downloaded
Sarfaraz Khan,sarfaraz-khan,chennai-super-kings,1564,139,sarfaraz-khan_139.png,https://documents.iplt20.com/ipl/IPLHeadshot2026/139.png,downloaded
Sarthak Ranjan,sarthak-ranjan,kolkata-knight-riders,23154,4203,sarthak-ranjan_4203.png,https://documents.iplt20.com/ipl/IPLHeadshot2026/4203.png,downloaded
Satvik Deswal,satvik-deswal,royal-challengers-bengaluru,23036,4555,satvik-deswal_4555.png,https://documents.iplt20.com/ipl/IPLHeadshot2026/4555.png,downloaded
Saurabh Dubey,saurabh-dubey,kolkata-knight-riders,20612,1010,saurabh-dubey_1010.png,https://documents.iplt20.com/ipl/IPLHeadshot2026/1010.png,downloaded
Sediqullah Atal,sediqullah-atal,,22382,,,,missing
Shahbaaz Ahmed,shahbaz-ahamad,lucknow-super-giants,13803,523,shahbaz-ahamad_523.png,https://documents.iplt20.com/ipl/IPLHeadshot2026/523.png,alias
Shahbaz Ahamad,shahbaz-ahamad,lucknow-super-giants,13803,523,shahbaz-ahamad_523.png,https://documents.iplt20.com/ipl/IPLHeadshot2026/523.png,downloaded
Shahrukh Khan,shahrukh-khan,gujarat-titans,7779,590,shahrukh-khan_590.png,https://documents.iplt20.com/ipl/IPLHeadshot2026/590.png,downloaded
Shaik Rasheed,shaik-rasheed,,5612,778,,https://documents.iplt20.com/ipl/IPLHeadshot2025/778.png,linked
Shamar Joseph,shamar-joseph,,20719,3105,,https://documents.iplt20.com/ipl/IPLHeadshot2025/3105.png,linked
Shardul Thakur,shardul-thakur,mumbai-indians,1745,105,shardul-thakur_105.png,https://documents.iplt20.com/ipl/IPLHeadshot2026/105.png,downloaded
Shashank Singh,shashank-singh,punjab-kings,3261,191,shashank-singh_191.png,https://documents.iplt20.com/ipl/IPLHeadshot2026/191.png,downloaded
Shemaron Hetmyer,shimron-hetmyer,rajasthan-royals,1705,210,shimron-hetmyer_210.png,https://documents.iplt20.com/ipl/IPLHeadshot2026/210.png,alias
Sherfane Rutherford,sherfane-rutherford,mumbai-indians,5396,122,sherfane-rutherford_122.png,https://documents.iplt20.com/ipl/IPLHeadshot2026/122.png,downloaded
Shimron Hetmyer,shimron-hetmyer,rajasthan-royals,1705,210,shimron-hetmyer_210.png,https://documents.iplt20.com/ipl/IPLHeadshot2026/210.png,downloaded
Shivam Dube,shivam-dube,chennai-super-kings,5431,211,shivam-dube_211.png,https://documents.iplt20.com/ipl/IPLHeadshot2026/211.png,downloaded
Shivam Dubey,shivam-dube,chennai-super-kings,5431,211,shivam-dube_211.png,https://documents.iplt20.com/ipl/IPLHeadshot2026/211.png,alias
Shivam Mavi,shivam-mavi,sunrisers-hyderabad,3779,154,shivam-mavi_154.png,https://documents.iplt20.com/ipl/IPLHeadshot2026/154.png,downloaded
Shivam Shukla,shivam-shukla,,22386,,,,missing
Shivang Kumar,shivang-kumar,sunrisers-hyderabad,23006,4561,shivang-kumar_4561.png,https://documents.iplt20.com/ipl/IPLHeadshot2026/4561.png,downloaded
Shivil Kaushik,,,,,,https://documents.iplt20.com/ipl/IPLHeadshot2026/Default-Men.png,manual
Shreyas Gopal,shreyas-gopal,chennai-super-kings,20696,192,shreyas-gopal_192.png,https://documents.iplt20.com/ipl/IPLHeadshot2026/192.png,downloaded
Shreyas Iyer,shreyas-iyer,punjab-kings,1563,12,shreyas-iyer_12.png,https://documents.iplt20.com/ipl/IPLHeadshot2026/12.png,downloaded
Shrijith Krishnan,shrijith-krishnan,,22057,3570,,https://documents.iplt20.com/ipl/IPLHeadshot2025/3570.png,linked
Shubham Dubey,shubham-dubey,rajasthan-royals,20688,3112,shubham-dubey_3112.png,https://documents.iplt20.com/ipl/IPLHeadshot2026/3112.png,downloaded
Shubhman Gill,shubman-gill,gujarat-titans,3761,62,shubman-gill_62.png,https://documents.iplt20.com/ipl/IPLHeadshot2026/62.png,alias
Shubman Gill,shubman-gill,gujarat-titans,3761,62,shubman-gill_62.png,https://documents.iplt20.com/ipl/IPLHeadshot2026/62.png,downloaded
Simarjeet Singh,simarjeet-singh,,10789,622,,https://documents.iplt20.com/ipl/IPLHeadshot2025/622.png,linked
Smaran Ravichandran,smaran-ravichandran,sunrisers-hyderabad,22378,3752,smaran-ravichandran_3752.png,https://documents.iplt20.com/ipl/IPLHeadshot2026/3752.png,downloaded
Spencer Johnson,spencer-johnson,chennai-super-kings,20699,2518,spencer-johnson_2518.png,https://documents.iplt20.com/ipl/IPLHeadshot2026/2518.png,downloaded
Stuart Binny,,,,,,https://upload.wikimedia.org/wikipedia/commons/thumb/0/0f/Stuart_Binny_%282019%29.jpg/330px-Stuart_Binny_%282019%29.jpg,manual
Sunil Narein,sunil-narine,kolkata-knight-riders,203,156,sunil-narine_156.png,https://documents.iplt20.com/ipl/IPLHeadshot2026/156.png,alias
Sunil Narine,sunil-narine,kolkata-knight-riders,203,156,sunil-narine_156.png,https://documents.iplt20.com/ipl/IPLHeadshot2026/156.png,downloaded
Surya Kumar Yadav,surya-kumar-yadav,mumbai-indians,108,174,surya-kumar-yadav_174.png,https://documents.iplt20.com/ipl/IPLHeadshot2026/174.png,downloaded
Suryansh Shedge,suryansh-shedge,punjab-kings,20683,2146,suryansh-shedge_2146.png,https://documents.iplt20.com/ipl/IPLHeadshot2026/2146.png,downloaded
Sushant Mishra,sushant-mishra,rajasthan-royals,20695,1016,sushant-mishra_1016.png,https://documents.iplt20.com/ipl/IPLHeadshot2026/1016.png,downloaded
Suyash Sharma,suyash-sharma,royal-challengers-bengaluru,5668,1932,suyash-sharma_1932.png,https://documents.iplt20.com/ipl/IPLHeadshot2026/1932.png,downloaded
Swapnil Singh,swapnil-singh,royal-challengers-bengaluru,3180,1483,swapnil-singh_1483.png,https://documents.iplt20.com/ipl/IPLHeadshot2026/1483.png,downloaded
Swastik Chhikara,swastik-chhikara,,20711,3102,,https://documents.iplt20.com/ipl/IPLHeadshot2025/3102.png,linked
T Natarajan,t-natarajan,delhi-capitals,3831,224,t-natarajan_224.png,https://documents.iplt20.com/ipl/IPLHeadshot2026/224.png,downloaded
Tejasvi Singh,tejasvi-singh,kolkata-knight-riders,23013,4281,tejasvi-singh_4281.png,https://documents.iplt20.com/ipl/IPLHeadshot2026/4281.png,downloaded
Tilak Verma,n-tilak-varma,mumbai-indians,20594,993,n-tilak-varma_993.png,https://documents.iplt20.com/ipl/IPLHeadshot2026/993.png,alias
Tim David,tim-david,royal-challengers-bengaluru,4524,636,tim-david_636.png,https://documents.iplt20.com/ipl/IPLHeadshot2026/636.png,downloaded
Tim Seifert,tim-seifert,kolkata-knight-riders,1619,82,tim-seifert_82.png,https://documents.iplt20.com/ipl/IPLHeadshot2026/82.png,downloaded
Tom Banton,tom-banton,gujarat-titans,3770,530,tom-banton_530.png,https://documents.iplt20.com/ipl/IPLHeadshot2026/530.png,downloaded
Travis Head,travis-head,sunrisers-hyderabad,1020,37,travis-head_37.png,https://documents.iplt20.com/ipl/IPLHeadshot2026/37.png,downloaded
Trent Boult,trent-boult,mumbai-indians,969,66,trent-boult_66.png,https://documents.iplt20.com/ipl/IPLHeadshot2026/66.png,downloaded
Tripurana Vijay,tripurana-vijay,delhi-capitals,22252,3563,tripurana-vijay_3563.png,https://documents.iplt20.com/ipl/IPLHeadshot2026/3563.png,downloaded
Tristan Stubbs,tristan-stubbs,delhi-capitals,20631,1017,tristan-stubbs_1017.png,https://documents.iplt20.com/ipl/IPLHeadshot2026/1017.png,downloaded
Tushar Deshpande,tushar-deshpande,rajasthan-royals,3257,539,tushar-deshpande_539.png,https://documents.iplt20.com/ipl/IPLHeadshot2026/539.png,downloaded
Umran Malik,umran-malik,kolkata-knight-riders,15154,637,umran-malik_637.png,https://documents.iplt20.com/ipl/IPLHeadshot2026/637.png,downloaded
Urvil Patel,urvil-patel,chennai-super-kings,5653,1486,urvil-patel_1486.png,https://documents.iplt20.com/ipl/IPLHeadshot2026/1486.png,downloaded
V Satyanarayana Penmetsa,v-satyanarayana-penmetsa,,22161,3568,,https://documents.iplt20.com/ipl/IPLHeadshot2025/3568.png,linked
Vaibhav Arora,vaibhav-arora,kolkata-knight-riders,14859,583,vaibhav-arora_583.png,https://documents.iplt20.com/ipl/IPLHeadshot2026/583.png,downloaded
Vaibhav Sooryavanshi,vaibhav-sooryavanshi,rajasthan-royals,22203,3498,vaibhav-sooryavanshi_3498.png,https://documents.iplt20.com/ipl/IPLHeadshot2026/3498.png,downloaded
Vaibhav Suryavanshi,vaibhav-suryavanshi,,22203,3498,vaibhav-sooryavanshi_3498.png,https://documents.iplt20.com/ipl/IPLHeadshot2026/3498.png,downloaded
Vansh Bedi,vansh-bedi,,22006,3558,,https://documents.iplt20.com/ipl/IPLHeadshot2025/3558.png,linked
Varun Chakaravarthy,varun-chakaravarthy,kolkata-knight-riders,5432,140,varun-chakaravarthy_140.png,https://documents.iplt20.com/ipl/IPLHeadshot2026/140.png,downloaded
Varun Chakroborty,varun-chakaravarthy,kolkata-knight-riders,5432,140,varun-chakaravarthy_140.png,https://documents.iplt20.com/ipl/IPLHeadshot2026/140.png,alias
Venkatesh Iyer,venkatesh-iyer,royal-challengers-bengaluru,8540,584,venkatesh-iyer_584.png,https://documents.iplt20.com/ipl/IPLHeadshot2026/584.png,downloaded
Venketesh Iyer,venkatesh-iyer,royal-challengers-bengaluru,8540,584,venkatesh-iyer_584.png,https://documents.iplt20.com/ipl/IPLHeadshot2026/584.png,alias
Vicky Ostwal,vicky-ostwal,royal-challengers-bengaluru,20624,786,vicky-ostwal_786.png,https://documents.iplt20.com/ipl/IPLHeadshot2026/786.png,downloaded
Vignesh Puthur,vignesh-puthur,rajasthan-royals,22266,3566,vignesh-puthur_3566.png,https://documents.iplt20.com/ipl/IPLHeadshot2026/3566.png,downloaded
Vihaan Malhotra,vihaan-malhotra,royal-challengers-bengaluru,23150,4012,vihaan-malhotra_4012.png,https://documents.iplt20.com/ipl/IPLHeadshot2026/4012.png,downloaded
Vijay Kumar Vyashak,vyshak-vijaykumar,punjab-kings,1097,2034,vyshak-vijaykumar_2034.png,https://documents.iplt20.com/ipl/IPLHeadshot2026/2034.png,alias
Vijay Shankar,vijay-shankar,,1083,61,,https://documents.iplt20.com/ipl/IPLHeadshot2025/61.png,linked
Vipraj Nigam,vipraj-nigam,delhi-capitals,22053,3560,vipraj-nigam_3560.png,https://documents.iplt20.com/ipl/IPLHeadshot2026/3560.png,downloaded
Virat Kohli,virat-kohli,royal-challengers-bengaluru,164,2,virat-kohli_2.png,https://documents.iplt20.com/ipl/IPLHeadshot2026/2.png,downloaded
Virender Sehwag,,,,,,https://upload.wikimedia.org/wikipedia/commons/thumb/f/fc/Virender_Sehwag_at_the_NDTV_Marks_for_Sports_event_13.jpg/330px-Virender_Sehwag_at_the_NDTV_Marks_for_Sports_event_13.jpg,manual
Vishal Nishad,vishal-nishad,punjab-kings,23088,4547,vishal-nishad_4547.png,https://documents.iplt20.com/ipl/IPLHeadshot2026/4547.png,downloaded
Vishnu Vinod,vishnu-vinod,punjab-kings,4305,581,vishnu-vinod_581.png,https://documents.iplt20.com/ipl/IPLHeadshot2026/581.png,downloaded
Vyshak Vijaykumar,vyshak-vijaykumar,punjab-kings,1097,2034,vyshak-vijaykumar_2034.png,https://documents.iplt20.com/ipl/IPLHeadshot2026/2034.png,downloaded
Wanindu Hasaranga,wanindu-hasaranga,,3082,377,,https://documents.iplt20.com/ipl/IPLHeadshot2026/377.png,linked
Washington Sundar,washington-sundar,gujarat-titans,2973,20,washington-sundar_20.png,https://documents.iplt20.com/ipl/IPLHeadshot2026/20.png,downloaded
Wiaan Mulder,wiaan-mulder,,22376,630,,https://documents.iplt20.com/ipl/IPLHeadshot2025/630.png,linked
Will Jacks,will-jacks,mumbai-indians,5629,1941,will-jacks_1941.png,https://documents.iplt20.com/ipl/IPLHeadshot2026/1941.png,downloaded
William O Rourke,william-o-rourke,,22385,3398,,https://documents.iplt20.com/ipl/IPLHeadshot2025/3398.png,linked
Wriddiman Saha,,,,,,https://upload.wikimedia.org/wikipedia/commons/thumb/3/32/Wriddhiman_Saha.jpg/330px-Wriddhiman_Saha.jpg,manual
Xavier Bartlett,xavier-bartlett,punjab-kings,22112,3572,xavier-bartlett_3572.png,https://documents.iplt20.com/ipl/IPLHeadshot2026/3572.png,downloaded
Yash Dayal,yash-dayal,royal-challengers-bengaluru,20591,978,yash-dayal_978.png,https://documents.iplt20.com/ipl/IPLHeadshot2026/978.png,downloaded
Yash Raj Punja,yash-raj-punja,rajasthan-royals,23016,4553,yash-raj-punja_4553.png,https://documents.iplt20.com/ipl/IPLHeadshot2026/4553.png,downloaded
Yash Thakur,yash-thakur,punjab-kings,5624,1550,yash-thakur_1550.png,https://documents.iplt20.com/ipl/IPLHeadshot2026/1550.png,downloaded
Yashashvi Jaiswal,yashasvi-jaiswal,rajasthan-royals,13538,533,yashasvi-jaiswal_533.png,https://documents.iplt20.com/ipl/IPLHeadshot2026/533.png,alias
Yashasvi Jaiswal,yashasvi-jaiswal,rajasthan-royals,13538,533,yashasvi-jaiswal_533.png,https://documents.iplt20.com/ipl/IPLHeadshot2026/533.png,downloaded
Yudhvir Singh Charak,yudhvir-singh-charak,rajasthan-royals,10842,587,yudhvir-singh-charak_587.png,https://documents.iplt20.com/ipl/IPLHeadshot2026/587.png,downloaded
Yuvraj Chaudhary,yuvraj-chaudhary,,22124,3564,,https://documents.iplt20.com/ipl/IPLHeadshot2025/3564.png,linked
Yuzvendra Chahal,yuzvendra-chahal,punjab-kings,111,10,yuzvendra-chahal_10.png,https://documents.iplt20.com/ipl/IPLHeadshot2026/10.png,downloaded
Zak Foulkes,zak-foulkes,chennai-super-kings,23022,3493,zak-foulkes_3493.png,https://documents.iplt20.com/ipl/IPLHeadshot2026/3493.png,downloaded
Zeeshan Ansari,zeeshan-ansari,sunrisers-hyderabad,22007,3575,zeeshan-ansari_3575.png,https://documents.iplt20.com/ipl/IPLHeadshot2026/3575.png,downloaded